muts	total	burden	burden_lci	burden_uci
observed	787	2765291837	2.84599256205015e-07	2.65060380027757e-07	3.05197354484867e-07
corrected	809.411842493999	2765291837	2.92703949602698e-07	2.72608653837899e-07	3.13888631534804e-07
