muts	total	burden	burden_lci	burden_uci
observed	1194	2789640750	4.28012101558238e-07	4.04076000876279e-07	4.52995845598632e-07
corrected	1228.17509119518	2789640750	4.40262815631433e-07	4.15641607391967e-07	4.6596165324886e-07
