muts	total	burden	burden_lci	burden_uci
observed	1566	2517182548	6.22124128917169e-07	5.91689448082107e-07	6.53718431819847e-07
corrected	1614.56666876536	2517182548	6.41418187984896e-07	6.10039630353477e-07	6.73992331273237e-07
