trint_subst_obs	trint_onto_genome
ACA>A	30	27.9873954039477
ACC>A	6	6.20848469433021
ACG>A	4	4.81016836800828
ACT>A	14	13.5278062572064
CCA>A	31	31.516126615521
CCC>A	17	19.1138796051686
CCG>A	1	1.423091056883
CCT>A	15	15.8540186969787
GCA>A	16	24.6362097475754
GCC>A	11	12.4834608130809
GCG>A	2	2.97032680929805
GCT>A	11	11.6078424469983
TCA>A	41	37.551788404666
TCC>A	10	10.182328774026
TCG>A	2	2.47853153687267
TCT>A	27	25.913596360819
ACA>G	14	13.0607845218423
ACC>G	10	10.3474744905503
ACG>G	4	4.81016836800828
ACT>G	15	14.4940781327212
CCA>G	5	5.08324622830985
CCC>G	12	13.4921503095308
CCG>G	2	2.84618211376601
CCT>G	16	16.9109532767772
GCA>G	5	7.69881554611732
GCC>G	3	3.40458022174934
GCG>G	0	0
GCT>G	7	7.386808829908
TCA>G	16	14.6543564506014
TCC>G	11	11.2005616514286
TCG>G	0	0
TCT>G	15	14.3964424226772
ACA>T	37	34.5177876648688
ACC>T	10	10.3474744905503
ACG>T	14	16.835589288029
ACT>T	29	28.0218843899276
CCA>T	35	35.5827235981689
CCC>T	23	25.859954759934
CCG>T	12	17.077092682596
CCT>T	23	24.3094953353673
GCA>T	27	41.5736039490335
GCC>T	13	14.7531809609138
GCG>T	7	10.3961438325432
GCT>T	20	21.1051680854514
TCA>T	38	34.8040965701782
TCC>T	28	28.5105205672729
TCG>T	4	4.95706307374534
TCT>T	27	25.913596360819
ATA>A	12	10.9279247196578
ATC>A	3	2.85309723231429
ATG>A	4	4.17824882929659
ATT>A	10	9.58131869121253
CTA>A	7	6.43946662272763
CTC>A	3	3.11313527435817
CTG>A	10	11.2278418510671
CTT>A	9	9.04036501155004
GTA>A	6	5.40521863958719
GTC>A	4	3.90544917075648
GTG>A	5	5.69936177900703
GTT>A	2	2.00929200605204
TTA>A	15	12.7688910634745
TTC>A	10	8.98454611194867
TTG>A	15	14.9793221880942
TTT>A	17	16.3167940817621
ATA>C	19	17.3025474727915
ATC>C	8	7.60825928617144
ATG>C	14	14.6238709025381
ATT>C	20	19.1626373824251
CTA>C	9	8.27931422922123
CTC>C	8	8.30169406495511
CTG>C	13	14.5961944063872
CTT>C	8	8.0358800102667
GTA>C	3	2.70260931979359
GTC>C	5	4.88181146344559
GTG>C	13	14.8183406254183
GTT>C	15	15.0696900453903
TTA>C	9	7.66133463808471
TTC>C	4	3.59381844477947
TTG>C	9	8.98759331285653
TTT>C	20	19.1962283314848
ATA>G	4	3.64264157321926
ATC>G	3	2.85309723231429
ATG>G	7	7.31193545126904
ATT>G	13	12.4557142985763
CTA>G	3	2.75977140974041
CTC>G	7	7.26398230683572
CTG>G	3	3.36835255532013
CTT>G	5	5.02242500641669
GTA>G	2	1.80173954652906
GTC>G	4	3.90544917075648
GTG>G	4	4.55948942320562
GTT>G	10	10.0464600302602
TTA>G	2	1.70251880846327
TTC>G	4	3.59381844477947
TTG>G	6	5.99172887523769
TTT>G	18	17.2766054983363
