trint_subst_obs	trint_onto_genome
ACA>A	14	13.3850669074122
ACC>A	10	10.4270685812601
ACG>A	4	4.88417995469521
ACT>A	8	7.84468411987285
CCA>A	9	9.26633558413136
CCC>A	6	6.77341981797065
CCG>A	1	1.44117592740771
CCT>A	5	5.3192160128027
GCA>A	7	10.9557795063382
GCC>A	4	4.53549023352034
GCG>A	4	6.00599581785648
GCT>A	6	6.37314167300838
TCA>A	14	13.2046098371978
TCC>A	8	8.27166389613189
TCG>A	0	0
TCT>A	12	11.7009355340371
ACA>G	3	2.8682286230169
ACC>G	0	0
ACG>G	3	3.66313496602141
ACT>G	7	6.86409860488875
CCA>G	5	5.14796421340631
CCC>G	5	5.64451651497554
CCG>G	0	0
CCT>G	3	3.19152960768162
GCA>G	3	4.69533407414494
GCC>G	0	0
GCG>G	0	0
GCT>G	4	4.24876111533892
TCA>G	11	10.3750505863697
TCC>G	4	4.13583194806594
TCG>G	2	2.51545869008596
TCT>G	14	13.6510914563767
ACA>T	12	11.4729144920676
ACC>T	9	9.38436172313412
ACG>T	31	37.8523946488879
ACT>T	13	12.7476116947934
CCA>T	15	15.4438926402189
CCC>T	9	10.160129726956
CCG>T	13	18.7352870563003
CCT>T	21	22.3407072537713
GCA>T	4	6.26044543219325
GCC>T	12	13.606470700561
GCG>T	17	25.52548222589
GCT>T	9	9.55971250951257
TCA>T	33	31.125151759109
TCC>T	13	13.4414538312143
TCG>T	21	26.4123162459026
TCT>T	24	23.4018710680743
ATA>A	11	9.95748538828802
ATC>A	4	3.83539805383665
ATG>A	9	9.34197583948525
ATT>A	10	9.31860912858936
CTA>A	8	7.33299725226069
CTC>A	5	5.21799268901383
CTG>A	5	5.59252658020058
CTT>A	6	5.89463737501893
GTA>A	4	3.60759422002435
GTC>A	3	2.95472544082821
GTG>A	1	1.13115312471111
GTT>A	5	4.87642364538439
TTA>A	13	11.0819780080779
TTC>A	1	0.907392110706318
TTG>A	3	2.98572898299844
TTT>A	10	9.32271224031746
ATA>C	36	32.5881339980335
ATC>C	13	12.4650436749691
ATG>C	18	18.6839516789705
ATT>C	20	18.6372182571787
CTA>C	7	6.4163725957281
CTC>C	4	4.17439415121107
CTG>C	9	10.066547844361
CTT>C	5	4.91219781251578
GTA>C	6	5.41139133003652
GTC>C	3	2.95472544082821
GTG>C	7	7.91807187297774
GTT>C	4	3.90113891630751
TTA>C	13	11.0819780080779
TTC>C	17	15.4256658820074
TTG>C	4	3.98097197733125
TTT>C	10	9.32271224031746
ATA>G	2	1.81045188877964
ATC>G	3	2.87654854037748
ATG>G	2	2.07599463099672
ATT>G	2	1.86372182571787
CTA>G	2	1.83324931306517
CTC>G	5	5.21799268901383
CTG>G	1	1.11850531604012
CTT>G	4	3.92975825001262
GTA>G	5	4.50949277503043
GTC>G	0	0
GTG>G	2	2.26230624942221
GTT>G	0	0
TTA>G	7	5.96721892742657
TTC>G	1	0.907392110706318
TTG>G	5	4.97621497166406
TTT>G	11	10.2549834643492
