muts	total	burden	burden_lci	burden_uci
observed	999	2922152649	3.41871257253406e-07	3.20997610745204e-07	3.63745936266757e-07
corrected	1015.85628534874	2922152649	3.47639705166113e-07	3.26413854311754e-07	3.69883479105751e-07
