muts	total	burden	burden_lci	burden_uci
observed	1480	3305186721	4.47781055937505e-07	4.25255931030093e-07	4.7118954530674e-07
corrected	1525.30036757182	3305186721	4.61486898117008e-07	4.38272316156957e-07	4.85611882873221e-07
