trint_subst_obs	trint_onto_genome
ACA>A	29	27.9062359391212
ACC>A	9	9.36545066632466
ACG>A	3	3.66293766993439
ACT>A	9	8.85550665064824
CCA>A	15	15.4621720463881
CCC>A	13	14.5827873683763
CCG>A	3	4.29683374791053
CCT>A	15	15.9364140535346
GCA>A	8	12.4991192880211
GCC>A	6	6.74641435269855
GCG>A	5	7.43193545036476
GCT>A	13	13.7774512699403
TCA>A	17	16.2675867158021
TCC>A	16	16.5909644332446
TCG>A	2	2.5252060208628
TCT>A	22	21.6439535558647
ACA>G	7	6.73598798530512
ACC>G	1	1.04060562959163
ACG>G	1	1.22097922331146
ACT>G	7	6.88761628383752
CCA>G	4	4.12324587903682
CCC>G	3	3.36525862347146
CCG>G	2	2.86455583194036
CCT>G	12	12.7491312428277
GCA>G	5	7.81194955501319
GCC>G	1	1.12440239211643
GCG>G	0	0
GCT>G	3	3.17941183152467
TCA>G	9	8.61225179071878
TCC>G	8	8.29548221662232
TCG>G	0	0
TCT>G	23	22.6277696265858
ACA>T	17	16.3588279643124
ACC>T	11	11.4466619255079
ACG>T	20	24.4195844662293
ACT>T	16	15.7431229344858
CCA>T	16	16.4929835161473
CCC>T	22	24.6785632387907
CCG>T	6	8.59366749582107
CCT>T	27	28.6855452963623
GCA>T	7	10.9367293770185
GCC>T	17	19.1148406659792
GCG>T	12	17.8366450808754
GCT>T	12	12.7176473260987
TCA>T	30	28.7075059690626
TCC>T	17	17.6278997103224
TCG>T	11	13.8886331147454
TCT>T	20	19.6763214144225
ATA>A	7	6.36794525858744
ATC>A	4	3.84903804055746
ATG>A	6	6.20177649002153
ATT>A	9	8.32487605954069
CTA>A	5	4.58426219887007
CTC>A	4	4.17200788454433
CTG>A	11	12.2010955735995
CTT>A	6	5.82616096335037
GTA>A	2	1.81111639289663
GTC>A	3	2.95820306606543
GTG>A	3	3.36679691997051
GTT>A	2	1.93124569999806
TTA>A	13	11.1845181683688
TTC>A	3	2.74321879284182
TTG>A	5	4.97908927858404
TTT>A	7	6.49733711450285
ATA>C	31	28.2009004308872
ATC>C	8	7.69807608111491
ATG>C	21	21.7062177150754
ATT>C	24	22.1996694921085
CTA>C	8	7.33481951819211
CTC>C	4	4.17200788454433
CTG>C	12	13.3102860802904
CTT>C	8	7.76821461780049
GTA>C	6	5.43334917868988
GTC>C	7	6.90247382081933
GTG>C	10	11.2226563999017
GTT>C	16	15.4499655999845
TTA>C	14	12.0448657197818
TTC>C	11	10.0584689070867
TTG>C	8	7.96654284573446
TTT>C	12	11.1382921962906
ATA>G	7	6.36794525858744
ATC>G	2	1.92451902027873
ATG>G	2	2.06725883000718
ATT>G	6	5.54991737302713
CTA>G	5	4.58426219887007
CTC>G	3	3.12900591340825
CTG>G	4	4.43676202676346
CTT>G	7	6.79718779057543
GTA>G	2	1.81111639289663
GTC>G	0	0
GTG>G	1	1.12226563999017
GTT>G	3	2.89686854999709
TTA>G	6	5.16208530847791
TTC>G	3	2.74321879284182
TTG>G	12	11.9498142686017
TTT>G	5	4.64095508178775
