muts	total	burden	burden_lci	burden_uci
observed	1283	3144683896	4.07990132690908e-07	3.85968196153761e-07	4.30941115090376e-07
corrected	1323.38666226432	3144683896	4.20832969554635e-07	3.98117819834844e-07	4.44506409923551e-07
