muts	total	burden	burden_lci	burden_uci
observed	839	3040618322	2.75930719067738e-07	2.57573162365912e-07	2.95251227858721e-07
corrected	848.820991779854	3040618322	2.79160651515621e-07	2.60588208742916e-07	2.98707318301859e-07
