muts	total	burden	burden_lci	burden_uci
observed	1456	3161976494	4.60471481291157e-07	4.37120312455262e-07	4.84746088993932e-07
corrected	1502.05258232987	3161976494	4.75035973600717e-07	4.509462184837e-07	5.0007837551349e-07
