muts	total	burden	burden_lci	burden_uci
observed	758	2870894873	2.64029173317626e-07	2.45565234011931e-07	2.83513600412341e-07
corrected	785.763643525798	2870894873	2.73699901349818e-07	2.54559674143114e-07	2.93897994260051e-07
