trint_subst_obs	trint_onto_genome
ACA>A	22	20.8934060185227
ACC>A	15	15.7737120914643
ACG>A	1	1.24736850810096
ACT>A	12	11.704431760734
CCA>A	15	15.6082581746986
CCC>A	9	10.4562077242643
CCG>A	1	1.52353260559179
CCT>A	8	8.62288547583582
GCA>A	10	15.7916304209214
GCC>A	18	21.0084741466618
GCG>A	3	4.76941399448207
GCT>A	11	11.8218431967152
TCA>A	19	17.8083280931233
TCC>A	23	23.9858756058318
TCG>A	3	3.86654875746834
TCT>A	33	32.0881781886193
ACA>G	4	3.79880109427686
ACC>G	7	7.36106564268335
ACG>G	2	2.49473701620191
ACT>G	14	13.655170387523
CCA>G	6	6.24330326987946
CCC>G	5	5.80900429125792
CCG>G	2	3.04706521118359
CCT>G	8	8.62288547583582
GCA>G	2	3.15832608418428
GCC>G	4	4.66854981036928
GCG>G	0	0
GCT>G	8	8.59770414306558
TCA>G	20	18.7456085190771
TCC>G	10	10.428641567753
TCG>G	1	1.28884958582278
TCT>G	21	20.4197497563941
ACA>T	23	21.8431062920919
ACC>T	10	10.5158080609762
ACG>T	13	16.2157906053124
ACT>T	22	21.458124894679
CCA>T	23	23.9326625345379
CCC>T	17	19.7506145902769
CCG>T	5	7.61766302795896
CCT>T	13	14.0121888982332
GCA>T	10	15.7916304209214
GCC>T	9	10.5042370733309
GCG>T	2	3.17960932965471
GCT>T	16	17.1954082861312
TCA>T	35	32.804814908385
TCC>T	14	14.6000981948541
TCG>T	6	7.73309751493668
TCT>T	23	22.3644878284317
ATA>A	12	10.7243370508341
ATC>A	7	6.66656275762286
ATG>A	5	5.16374916673123
ATT>A	9	8.31679471661111
CTA>A	9	8.19920140316415
CTC>A	7	7.38359778592322
CTG>A	3	3.39886473551906
CTT>A	4	3.92503243386874
GTA>A	2	1.78756819812989
GTC>A	0	0
GTG>A	4	4.57045303337673
GTT>A	7	6.81316522743935
TTA>A	7	5.88468187509073
TTC>A	6	5.39494788363331
TTG>A	9	8.89985671287513
TTT>A	13	12.0319387123633
ATA>C	15	13.4054213135426
ATC>C	4	3.80946443292735
ATG>C	9	9.29474850011622
ATT>C	17	15.7095011313765
CTA>C	7	6.37715664690545
CTC>C	5	5.27399841851658
CTG>C	6	6.79772947103812
CTT>C	10	9.81258108467184
GTA>C	2	1.78756819812989
GTC>C	5	4.94609745968068
GTG>C	7	7.99829280840927
GTT>C	10	9.73309318205622
TTA>C	22	18.4947144645709
TTC>C	10	8.99157980605552
TTG>C	9	8.89985671287513
TTT>C	15	13.883006206573
ATA>G	12	10.7243370508341
ATC>G	2	1.90473221646367
ATG>G	10	10.3274983334625
ATT>G	6	5.54452981107408
CTA>G	3	2.73306713438805
CTC>G	3	3.16439905110995
CTG>G	7	7.93068438287781
CTT>G	13	12.7563554100734
GTA>G	3	2.68135229719484
GTC>G	0	0
GTG>G	8	9.14090606675346
GTT>G	2	1.94661863641124
TTA>G	13	10.9286949108828
TTC>G	4	3.59663192242221
TTG>G	8	7.91098374477789
TTT>G	21	19.4362086892022
