muts	total	burden	burden_lci	burden_uci
observed	1402	2914513522	4.81040828741092e-07	4.56187348421996e-07	5.06896321274384e-07
corrected	1440.0466458031	2914513522	4.9409502990225e-07	4.68567090551289e-07	5.20652173481532e-07
