muts	total	burden	burden_lci	burden_uci
observed	1414	3375114287	4.18948776178138e-07	3.97394180574385e-07	4.41368606991216e-07
corrected	1445.67745509824	3375114287	4.2833437097718e-07	4.06296893665931e-07	4.51256467125401e-07
