muts	total	burden	burden_lci	burden_uci
observed	1160	3250402039	3.56878929462178e-07	3.36634718190778e-07	3.78022401097077e-07
corrected	1208.67769132704	3250402039	3.71854828056561e-07	3.50761098278757e-07	3.93885554334413e-07
