trint_subst_obs	trint_onto_genome
ACA>A	44	41.9754585698732
ACC>A	13	13.5848256635478
ACG>A	2	2.45907758104569
ACT>A	14	13.7013749310443
CCA>A	19	19.616470366543
CCC>A	8	9.07481539371953
CCG>A	2	2.92030041439436
CCT>A	13	13.868104820092
GCA>A	10	15.6985363824499
GCC>A	6	6.8639795521868
GCG>A	2	3.04689476193265
GCT>A	16	17.0514892379006
TCA>A	19	17.8637403973043
TCC>A	21	21.7243780732298
TCG>A	3	3.80110052794879
TCT>A	19	18.4741561562713
ACA>G	12	11.4478523372381
ACC>G	9	9.4048793055331
ACG>G	0	0
ACT>G	16	15.6587142069078
CCA>G	9	9.29201227888881
CCC>G	12	13.6122230905793
CCG>G	0	0
CCT>G	10	10.6677729385323
GCA>G	6	9.41912182946997
GCC>G	11	12.5839625123425
GCG>G	1	1.52344738096632
GCT>G	6	6.39430846421271
TCA>G	16	15.0431498082562
TCC>G	10	10.3449419396332
TCG>G	0	0
TCT>G	24	23.3357761973953
ACA>T	29	27.6656431483255
ACC>T	18	18.8097586110662
ACG>T	21	25.8203146009798
ACT>T	18	17.6160534827712
CCA>T	25	25.8111452191356
CCC>T	22	24.9557423327287
CCG>T	11	16.061652279169
CCT>T	21	22.4023231709178
GCA>T	10	15.6985363824499
GCC>T	16	18.3039454724981
GCG>T	15	22.8517107144949
GCT>T	13	13.8543350057942
TCA>T	42	39.4882682466727
TCC>T	23	23.7933664611565
TCG>T	10	12.6703350931626
TCT>T	22	21.3911281809457
ATA>A	9	8.11219404860229
ATC>A	10	9.5764354236234
ATG>A	6	6.22217646397165
ATT>A	11	10.219669456853
CTA>A	7	6.40851455318985
CTC>A	7	7.33780718861672
CTG>A	4	4.49804934339686
CTT>A	8	7.8555512107872
GTA>A	3	2.70110615618232
GTC>A	3	2.96236966519689
GTG>A	6	6.81466367464077
GTT>A	3	2.92423521672374
TTA>A	13	11.0438070481255
TTC>A	16	14.4839583162636
TTG>A	9	8.95434105555374
TTT>A	15	13.967206696379
ATA>C	31	27.9420017229634
ATC>C	10	9.5764354236234
ATG>C	31	32.1479117305202
ATT>C	31	28.8008866511311
CTA>C	11	10.0705228692983
CTC>C	9	9.4343235282215
CTG>C	7	7.87158635094451
CTT>C	8	7.8555512107872
GTA>C	11	9.90405590600185
GTC>C	10	9.87456555065631
GTG>C	9	10.2219955119612
GTT>C	11	10.7221957946537
TTA>C	18	15.2914251435584
TTC>C	10	9.05247394766475
TTG>C	9	8.95434105555374
TTT>C	18	16.7606480356548
ATA>G	5	4.50677447144572
ATC>G	2	1.91528708472468
ATG>G	6	6.22217646397165
ATT>G	7	6.50342601799735
CTA>G	4	3.66200831610848
CTC>G	5	5.24129084901195
CTG>G	6	6.74707401509529
CTT>G	14	13.7472146188776
GTA>G	2	1.80073743745488
GTC>G	3	2.96236966519689
GTG>G	2	2.27155455821359
GTT>G	2	1.9494901444825
TTA>G	9	7.64571257177921
TTC>G	1	0.905247394766475
TTG>G	9	8.95434105555374
TTT>G	13	12.1049124701951
