muts	total	burden	burden_lci	burden_uci
observed	900	2564675274	3.50921619249018e-07	3.28366673563332e-07	3.74617767791403e-07
corrected	930.559924832942	2564675274	3.62837328478468e-07	3.39516518965264e-07	3.87338090930059e-07
